0	😀
0	😃
0	😄
0	😁
0	😆
0	😅
0	🤣
0	😂
0	🙂
0	🙃
0	🫠
0	😉
0	😊
0	😇
0	🥰
0	😍
0	🤩
0	😘
0	😗
0	☺️
0	😚
0	😙
0	🥲
0	😋
0	😛
0	😜
0	🤪
0	😝
0	🤑
0	🤗
0	🤭
0	🫢
0	🫣
0	🤫
0	🤔
0	🫡
0	🤐
0	🤨
0	😐
0	😑
0	😶
0	🫥
0	😶‍🌫️
0	😏
0	😒
0	🙄
0	😬
0	😮‍💨
0	🤥
0	🫨
0	🙂‍↔️
0	🙂‍↕️
0	😌
0	😔
0	😪
0	🤤
0	😴
0	😷
0	🤒
0	🤕
0	🤢
0	🤮
0	🤧
0	🥵
0	🥶
0	🥴
0	😵
0	😵‍💫
0	🤯
0	🤠
0	🥳
0	🥸
0	😎
0	🤓
0	🧐
0	😕
0	🫤
0	😟
0	🙁
0	☹️
0	😮
0	😯
0	😲
0	😳
0	🥺
0	🥹
0	😦
0	😧
0	😨
0	😰
0	😥
0	😢
0	😭
0	😱
0	😖
0	😣
0	😞
0	😓
0	😩
0	😫
0	🥱
0	😤
0	😡
0	😠
0	🤬
0	😈
0	👿
0	💀
0	☠️
0	💩
0	🤡
0	👹
0	👺
0	👻
0	👽
0	👾
0	🤖
0	😺
0	😸
0	😹
0	😻
0	😼
0	😽
0	🙀
0	😿
0	😾
0	🙈
0	🙉
0	🙊
0	💌
0	💘
0	💝
0	💖
0	💗
0	💓
0	💞
0	💕
0	💟
0	❣️
0	💔
0	❤️‍🔥
0	❤️‍🩹
0	❤️
0	🩷
0	🧡
0	💛
0	💚
0	💙
0	🩵
0	💜
0	🤎
0	🖤
0	🩶
0	🤍
0	💋
0	💯
0	💢
0	💥
0	💫
0	💦
0	💨
0	🕳️
0	💬
0	👁️‍🗨️
0	🗨️
0	🗯️
0	💭
0	💤
1	👋
1	🤚
1	🖐️
1	✋
1	🖖
1	🫱
1	🫲
1	🫳
1	🫴
1	🫷
1	🫸
1	👌
1	🤌
1	🤏
1	✌️
1	🤞
1	🫰
1	🤟
1	🤘
1	🤙
1	👈
1	👉
1	👆
1	🖕
1	👇
1	☝️
1	🫵
1	👍
1	👎
1	✊
1	👊
1	🤛
1	🤜
1	👏
1	🙌
1	🫶
1	👐
1	🤲
1	🤝
1	🙏
1	✍️
1	💅
1	🤳
1	💪
1	🦾
1	🦿
1	🦵
1	🦶
1	👂
1	🦻
1	👃
1	🧠
1	🫀
1	🫁
1	🦷
1	🦴
1	👀
1	👁️
1	👅
1	👄
1	🫦
1	👶
1	🧒
1	👦
1	👧
1	🧑
1	👱
1	👨
1	🧔
1	🧔‍♂️
1	🧔‍♀️
1	👨‍🦰
1	👨‍🦱
1	👨‍🦳
1	👨‍🦲
1	👩
1	👩‍🦰
1	🧑‍🦰
1	👩‍🦱
1	🧑‍🦱
1	👩‍🦳
1	🧑‍🦳
1	👩‍🦲
1	🧑‍🦲
1	👱‍♀️
1	👱‍♂️
1	🧓
1	👴
1	👵
1	🙍
1	🙍‍♂️
1	🙍‍♀️
1	🙎
1	🙎‍♂️
1	🙎‍♀️
1	🙅
1	🙅‍♂️
1	🙅‍♀️
1	🙆
1	🙆‍♂️
1	🙆‍♀️
1	💁
1	💁‍♂️
1	💁‍♀️
1	🙋
1	🙋‍♂️
1	🙋‍♀️
1	🧏
1	🧏‍♂️
1	🧏‍♀️
1	🙇
1	🙇‍♂️
1	🙇‍♀️
1	🤦
1	🤦‍♂️
1	🤦‍♀️
1	🤷
1	🤷‍♂️
1	🤷‍♀️
1	🧑‍⚕️
1	👨‍⚕️
1	👩‍⚕️
1	🧑‍🎓
1	👨‍🎓
1	👩‍🎓
1	🧑‍🏫
1	👨‍🏫
1	👩‍🏫
1	🧑‍⚖️
1	👨‍⚖️
1	👩‍⚖️
1	🧑‍🌾
1	👨‍🌾
1	👩‍🌾
1	🧑‍🍳
1	👨‍🍳
1	👩‍🍳
1	🧑‍🔧
1	👨‍🔧
1	👩‍🔧
1	🧑‍🏭
1	👨‍🏭
1	👩‍🏭
1	🧑‍💼
1	👨‍💼
1	👩‍💼
1	🧑‍🔬
1	👨‍🔬
1	👩‍🔬
1	🧑‍💻
1	👨‍💻
1	👩‍💻
1	🧑‍🎤
1	👨‍🎤
1	👩‍🎤
1	🧑‍🎨
1	👨‍🎨
1	👩‍🎨
1	🧑‍✈️
1	👨‍✈️
1	👩‍✈️
1	🧑‍🚀
1	👨‍🚀
1	👩‍🚀
1	🧑‍🚒
1	👨‍🚒
1	👩‍🚒
1	👮
1	👮‍♂️
1	👮‍♀️
1	🕵️
1	🕵️‍♂️
1	🕵️‍♀️
1	💂
1	💂‍♂️
1	💂‍♀️
1	🥷
1	👷
1	👷‍♂️
1	👷‍♀️
1	🫅
1	🤴
1	👸
1	👳
1	👳‍♂️
1	👳‍♀️
1	👲
1	🧕
1	🤵
1	🤵‍♂️
1	🤵‍♀️
1	👰
1	👰‍♂️
1	👰‍♀️
1	🤰
1	🫃
1	🫄
1	🤱
1	👩‍🍼
1	👨‍🍼
1	🧑‍🍼
1	👼
1	🎅
1	🤶
1	🧑‍🎄
1	🦸
1	🦸‍♂️
1	🦸‍♀️
1	🦹
1	🦹‍♂️
1	🦹‍♀️
1	🧙
1	🧙‍♂️
1	🧙‍♀️
1	🧚
1	🧚‍♂️
1	🧚‍♀️
1	🧛
1	🧛‍♂️
1	🧛‍♀️
1	🧜
1	🧜‍♂️
1	🧜‍♀️
1	🧝
1	🧝‍♂️
1	🧝‍♀️
1	🧞
1	🧞‍♂️
1	🧞‍♀️
1	🧟
1	🧟‍♂️
1	🧟‍♀️
1	🧌
1	💆
1	💆‍♂️
1	💆‍♀️
1	💇
1	💇‍♂️
1	💇‍♀️
1	🚶
1	🚶‍♂️
1	🚶‍♀️
1	🚶‍➡️
1	🚶‍♀️‍➡️
1	🚶‍♂️‍➡️
1	🧍
1	🧍‍♂️
1	🧍‍♀️
1	🧎
1	🧎‍♂️
1	🧎‍♀️
1	🧎‍➡️
1	🧎‍♀️‍➡️
1	🧎‍♂️‍➡️
1	🧑‍🦯
1	🧑‍🦯‍➡️
1	👨‍🦯
1	👨‍🦯‍➡️
1	👩‍🦯
1	👩‍🦯‍➡️
1	🧑‍🦼
1	🧑‍🦼‍➡️
1	👨‍🦼
1	👨‍🦼‍➡️
1	👩‍🦼
1	👩‍🦼‍➡️
1	🧑‍🦽
1	🧑‍🦽‍➡️
1	👨‍🦽
1	👨‍🦽‍➡️
1	👩‍🦽
1	👩‍🦽‍➡️
1	🏃
1	🏃‍♂️
1	🏃‍♀️
1	🏃‍➡️
1	🏃‍♀️‍➡️
1	🏃‍♂️‍➡️
1	💃
1	🕺
1	🕴️
1	👯
1	👯‍♂️
1	👯‍♀️
1	🧖
1	🧖‍♂️
1	🧖‍♀️
1	🧗
1	🧗‍♂️
1	🧗‍♀️
1	🤺
1	🏇
1	⛷️
1	🏂
1	🏌️
1	🏌️‍♂️
1	🏌️‍♀️
1	🏄
1	🏄‍♂️
1	🏄‍♀️
1	🚣
1	🚣‍♂️
1	🚣‍♀️
1	🏊
1	🏊‍♂️
1	🏊‍♀️
1	⛹️
1	⛹️‍♂️
1	⛹️‍♀️
1	🏋️
1	🏋️‍♂️
1	🏋️‍♀️
1	🚴
1	🚴‍♂️
1	🚴‍♀️
1	🚵
1	🚵‍♂️
1	🚵‍♀️
1	🤸
1	🤸‍♂️
1	🤸‍♀️
1	🤼
1	🤼‍♂️
1	🤼‍♀️
1	🤽
1	🤽‍♂️
1	🤽‍♀️
1	🤾
1	🤾‍♂️
1	🤾‍♀️
1	🤹
1	🤹‍♂️
1	🤹‍♀️
1	🧘
1	🧘‍♂️
1	🧘‍♀️
1	🛀
1	🛌
1	🧑‍🤝‍🧑
1	👭
1	👫
1	👬
1	💏
1	👩‍❤️‍💋‍👨
1	👨‍❤️‍💋‍👨
1	👩‍❤️‍💋‍👩
1	💑
1	👩‍❤️‍👨
1	👨‍❤️‍👨
1	👩‍❤️‍👩
1	👨‍👩‍👦
1	👨‍👩‍👧
1	👨‍👩‍👧‍👦
1	👨‍👩‍👦‍👦
1	👨‍👩‍👧‍👧
1	👨‍👨‍👦
1	👨‍👨‍👧
1	👨‍👨‍👧‍👦
1	👨‍👨‍👦‍👦
1	👨‍👨‍👧‍👧
1	👩‍👩‍👦
1	👩‍👩‍👧
1	👩‍👩‍👧‍👦
1	👩‍👩‍👦‍👦
1	👩‍👩‍👧‍👧
1	👨‍👦
1	👨‍👦‍👦
1	👨‍👧
1	👨‍👧‍👦
1	👨‍👧‍👧
1	👩‍👦
1	👩‍👦‍👦
1	👩‍👧
1	👩‍👧‍👦
1	👩‍👧‍👧
1	🗣️
1	👤
1	👥
1	🫂
1	👪
1	🧑‍🧑‍🧒
1	🧑‍🧑‍🧒‍🧒
1	🧑‍🧒
1	🧑‍🧒‍🧒
1	👣
2	🐵
2	🐒
2	🦍
2	🦧
2	🐶
2	🐕
2	🦮
2	🐕‍🦺
2	🐩
2	🐺
2	🦊
2	🦝
2	🐱
2	🐈
2	🐈‍⬛
2	🦁
2	🐯
2	🐅
2	🐆
2	🐴
2	🫎
2	🫏
2	🐎
2	🦄
2	🦓
2	🦌
2	🦬
2	🐮
2	🐂
2	🐃
2	🐄
2	🐷
2	🐖
2	🐗
2	🐽
2	🐏
2	🐑
2	🐐
2	🐪
2	🐫
2	🦙
2	🦒
2	🐘
2	🦣
2	🦏
2	🦛
2	🐭
2	🐁
2	🐀
2	🐹
2	🐰
2	🐇
2	🐿️
2	🦫
2	🦔
2	🦇
2	🐻
2	🐻‍❄️
2	🐨
2	🐼
2	🦥
2	🦦
2	🦨
2	🦘
2	🦡
2	🐾
2	🦃
2	🐔
2	🐓
2	🐣
2	🐤
2	🐥
2	🐦
2	🐧
2	🕊️
2	🦅
2	🦆
2	🦢
2	🦉
2	🦤
2	🪶
2	🦩
2	🦚
2	🦜
2	🪽
2	🐦‍⬛
2	🪿
2	🐦‍🔥
2	🐸
2	🐊
2	🐢
2	🦎
2	🐍
2	🐲
2	🐉
2	🦕
2	🦖
2	🐳
2	🐋
2	🐬
2	🦭
2	🐟
2	🐠
2	🐡
2	🦈
2	🐙
2	🐚
2	🪸
2	🪼
2	🐌
2	🦋
2	🐛
2	🐜
2	🐝
2	🪲
2	🐞
2	🦗
2	🪳
2	🕷️
2	🕸️
2	🦂
2	🦟
2	🪰
2	🪱
2	🦠
2	💐
2	🌸
2	💮
2	🪷
2	🏵️
2	🌹
2	🥀
2	🌺
2	🌻
2	🌼
2	🌷
2	🪻
2	🌱
2	🪴
2	🌲
2	🌳
2	🌴
2	🌵
2	🌾
2	🌿
2	☘️
2	🍀
2	🍁
2	🍂
2	🍃
2	🪹
2	🪺
2	🍄
3	🍇
3	🍈
3	🍉
3	🍊
3	🍋
3	🍋‍🟩
3	🍌
3	🍍
3	🥭
3	🍎
3	🍏
3	🍐
3	🍑
3	🍒
3	🍓
3	🫐
3	🥝
3	🍅
3	🫒
3	🥥
3	🥑
3	🍆
3	🥔
3	🥕
3	🌽
3	🌶️
3	🫑
3	🥒
3	🥬
3	🥦
3	🧄
3	🧅
3	🥜
3	🫘
3	🌰
3	🫚
3	🫛
3	🍄‍🟫
3	🍞
3	🥐
3	🥖
3	🫓
3	🥨
3	🥯
3	🥞
3	🧇
3	🧀
3	🍖
3	🍗
3	🥩
3	🥓
3	🍔
3	🍟
3	🍕
3	🌭
3	🥪
3	🌮
3	🌯
3	🫔
3	🥙
3	🧆
3	🥚
3	🍳
3	🥘
3	🍲
3	🫕
3	🥣
3	🥗
3	🍿
3	🧈
3	🧂
3	🥫
3	🍱
3	🍘
3	🍙
3	🍚
3	🍛
3	🍜
3	🍝
3	🍠
3	🍢
3	🍣
3	🍤
3	🍥
3	🥮
3	🍡
3	🥟
3	🥠
3	🥡
3	🦀
3	🦞
3	🦐
3	🦑
3	🦪
3	🍦
3	🍧
3	🍨
3	🍩
3	🍪
3	🎂
3	🍰
3	🧁
3	🥧
3	🍫
3	🍬
3	🍭
3	🍮
3	🍯
3	🍼
3	🥛
3	☕
3	🫖
3	🍵
3	🍶
3	🍾
3	🍷
3	🍸
3	🍹
3	🍺
3	🍻
3	🥂
3	🥃
3	🫗
3	🥤
3	🧋
3	🧃
3	🧉
3	🧊
3	🥢
3	🍽️
3	🍴
3	🥄
3	🔪
3	🫙
3	🏺
4	🌍
4	🌎
4	🌏
4	🌐
4	🗺️
4	🗾
4	🧭
4	🏔️
4	⛰️
4	🌋
4	🗻
4	🏕️
4	🏖️
4	🏜️
4	🏝️
4	🏞️
4	🏟️
4	🏛️
4	🏗️
4	🧱
4	🪨
4	🪵
4	🛖
4	🏘️
4	🏚️
4	🏠
4	🏡
4	🏢
4	🏣
4	🏤
4	🏥
4	🏦
4	🏨
4	🏩
4	🏪
4	🏫
4	🏬
4	🏭
4	🏯
4	🏰
4	💒
4	🗼
4	🗽
4	⛪
4	🕌
4	🛕
4	🕍
4	⛩️
4	🕋
4	⛲
4	⛺
4	🌁
4	🌃
4	🏙️
4	🌄
4	🌅
4	🌆
4	🌇
4	🌉
4	♨️
4	🎠
4	🛝
4	🎡
4	🎢
4	💈
4	🎪
4	🚂
4	🚃
4	🚄
4	🚅
4	🚆
4	🚇
4	🚈
4	🚉
4	🚊
4	🚝
4	🚞
4	🚋
4	🚌
4	🚍
4	🚎
4	🚐
4	🚑
4	🚒
4	🚓
4	🚔
4	🚕
4	🚖
4	🚗
4	🚘
4	🚙
4	🛻
4	🚚
4	🚛
4	🚜
4	🏎️
4	🏍️
4	🛵
4	🦽
4	🦼
4	🛺
4	🚲
4	🛴
4	🛹
4	🛼
4	🚏
4	🛣️
4	🛤️
4	🛢️
4	⛽
4	🛞
4	🚨
4	🚥
4	🚦
4	🛑
4	🚧
4	⚓
4	🛟
4	⛵
4	🛶
4	🚤
4	🛳️
4	⛴️
4	🛥️
4	🚢
4	✈️
4	🛩️
4	🛫
4	🛬
4	🪂
4	💺
4	🚁
4	🚟
4	🚠
4	🚡
4	🛰️
4	🚀
4	🛸
4	🛎️
4	🧳
4	⌛
4	⏳
4	⌚
4	⏰
4	⏱️
4	⏲️
4	🕰️
4	🕛
4	🕧
4	🕐
4	🕜
4	🕑
4	🕝
4	🕒
4	🕞
4	🕓
4	🕟
4	🕔
4	🕠
4	🕕
4	🕡
4	🕖
4	🕢
4	🕗
4	🕣
4	🕘
4	🕤
4	🕙
4	🕥
4	🕚
4	🕦
4	🌑
4	🌒
4	🌓
4	🌔
4	🌕
4	🌖
4	🌗
4	🌘
4	🌙
4	🌚
4	🌛
4	🌜
4	🌡️
4	☀️
4	🌝
4	🌞
4	🪐
4	⭐
4	🌟
4	🌠
4	🌌
4	☁️
4	⛅
4	⛈️
4	🌤️
4	🌥️
4	🌦️
4	🌧️
4	🌨️
4	🌩️
4	🌪️
4	🌫️
4	🌬️
4	🌀
4	🌈
4	🌂
4	☂️
4	☔
4	⛱️
4	⚡
4	❄️
4	☃️
4	⛄
4	☄️
4	🔥
4	💧
4	🌊
5	🎃
5	🎄
5	🎆
5	🎇
5	🧨
5	✨
5	🎈
5	🎉
5	🎊
5	🎋
5	🎍
5	🎎
5	🎏
5	🎐
5	🎑
5	🧧
5	🎀
5	🎁
5	🎗️
5	🎟️
5	🎫
5	🎖️
5	🏆
5	🏅
5	🥇
5	🥈
5	🥉
5	⚽
5	⚾
5	🥎
5	🏀
5	🏐
5	🏈
5	🏉
5	🎾
5	🥏
5	🎳
5	🏏
5	🏑
5	🏒
5	🥍
5	🏓
5	🏸
5	🥊
5	🥋
5	🥅
5	⛳
5	⛸️
5	🎣
5	🤿
5	🎽
5	🎿
5	🛷
5	🥌
5	🎯
5	🪀
5	🪁
5	🔫
5	🎱
5	🔮
5	🪄
5	🎮
5	🕹️
5	🎰
5	🎲
5	🧩
5	🧸
5	🪅
5	🪩
5	🪆
5	♠️
5	♥️
5	♦️
5	♣️
5	♟️
5	🃏
5	🀄
5	🎴
5	🎭
5	🖼️
5	🎨
5	🧵
5	🪡
5	🧶
5	🪢
6	👓
6	🕶️
6	🥽
6	🥼
6	🦺
6	👔
6	👕
6	👖
6	🧣
6	🧤
6	🧥
6	🧦
6	👗
6	👘
6	🥻
6	🩱
6	🩲
6	🩳
6	👙
6	👚
6	🪭
6	👛
6	👜
6	👝
6	🛍️
6	🎒
6	🩴
6	👞
6	👟
6	🥾
6	🥿
6	👠
6	👡
6	🩰
6	👢
6	🪮
6	👑
6	👒
6	🎩
6	🎓
6	🧢
6	🪖
6	⛑️
6	📿
6	💄
6	💍
6	💎
6	🔇
6	🔈
6	🔉
6	🔊
6	📢
6	📣
6	📯
6	🔔
6	🔕
6	🎼
6	🎵
6	🎶
6	🎙️
6	🎚️
6	🎛️
6	🎤
6	🎧
6	📻
6	🎷
6	🪗
6	🎸
6	🎹
6	🎺
6	🎻
6	🪕
6	🥁
6	🪘
6	🪇
6	🪈
6	📱
6	📲
6	☎️
6	📞
6	📟
6	📠
6	🔋
6	🪫
6	🔌
6	💻
6	🖥️
6	🖨️
6	⌨️
6	🖱️
6	🖲️
6	💽
6	💾
6	💿
6	📀
6	🧮
6	🎥
6	🎞️
6	📽️
6	🎬
6	📺
6	📷
6	📸
6	📹
6	📼
6	🔍
6	🔎
6	🕯️
6	💡
6	🔦
6	🏮
6	🪔
6	📔
6	📕
6	📖
6	📗
6	📘
6	📙
6	📚
6	📓
6	📒
6	📃
6	📜
6	📄
6	📰
6	🗞️
6	📑
6	🔖
6	🏷️
6	💰
6	🪙
6	💴
6	💵
6	💶
6	💷
6	💸
6	💳
6	🧾
6	💹
6	✉️
6	📧
6	📨
6	📩
6	📤
6	📥
6	📦
6	📫
6	📪
6	📬
6	📭
6	📮
6	🗳️
6	✏️
6	✒️
6	🖋️
6	🖊️
6	🖌️
6	🖍️
6	📝
6	💼
6	📁
6	📂
6	🗂️
6	📅
6	📆
6	🗒️
6	🗓️
6	📇
6	📈
6	📉
6	📊
6	📋
6	📌
6	📍
6	📎
6	🖇️
6	📏
6	📐
6	✂️
6	🗃️
6	🗄️
6	🗑️
6	🔒
6	🔓
6	🔏
6	🔐
6	🔑
6	🗝️
6	🔨
6	🪓
6	⛏️
6	⚒️
6	🛠️
6	🗡️
6	⚔️
6	💣
6	🪃
6	🏹
6	🛡️
6	🪚
6	🔧
6	🪛
6	🔩
6	⚙️
6	🗜️
6	⚖️
6	🦯
6	🔗
6	⛓️‍💥
6	⛓️
6	🪝
6	🧰
6	🧲
6	🪜
6	⚗️
6	🧪
6	🧫
6	🧬
6	🔬
6	🔭
6	📡
6	💉
6	🩸
6	💊
6	🩹
6	🩼
6	🩺
6	🩻
6	🚪
6	🛗
6	🪞
6	🪟
6	🛏️
6	🛋️
6	🪑
6	🚽
6	🪠
6	🚿
6	🛁
6	🪤
6	🪒
6	🧴
6	🧷
6	🧹
6	🧺
6	🧻
6	🪣
6	🧼
6	🫧
6	🪥
6	🧽
6	🧯
6	🛒
6	🚬
6	⚰️
6	🪦
6	⚱️
6	🧿
6	🪬
6	🗿
6	🪧
6	🪪
7	🏧
7	🚮
7	🚰
7	♿
7	🚹
7	🚺
7	🚻
7	🚼
7	🚾
7	🛂
7	🛃
7	🛄
7	🛅
7	⚠️
7	🚸
7	⛔
7	🚫
7	🚳
7	🚭
7	🚯
7	🚱
7	🚷
7	📵
7	🔞
7	☢️
7	☣️
7	⬆️
7	↗️
7	➡️
7	↘️
7	⬇️
7	↙️
7	⬅️
7	↖️
7	↕️
7	↔️
7	↩️
7	↪️
7	⤴️
7	⤵️
7	🔃
7	🔄
7	🔙
7	🔚
7	🔛
7	🔜
7	🔝
7	🛐
7	⚛️
7	🕉️
7	✡️
7	☸️
7	☯️
7	✝️
7	☦️
7	☪️
7	☮️
7	🕎
7	🔯
7	🪯
7	♈
7	♉
7	♊
7	♋
7	♌
7	♍
7	♎
7	♏
7	♐
7	♑
7	♒
7	♓
7	⛎
7	🔀
7	🔁
7	🔂
7	▶️
7	⏩
7	⏭️
7	⏯️
7	◀️
7	⏪
7	⏮️
7	🔼
7	⏫
7	🔽
7	⏬
7	⏸️
7	⏹️
7	⏺️
7	⏏️
7	🎦
7	🔅
7	🔆
7	📶
7	🛜
7	📳
7	📴
7	♀️
7	♂️
7	⚧️
7	✖️
7	➕
7	➖
7	➗
7	🟰
7	♾️
7	‼️
7	⁉️
7	❓
7	❔
7	❕
7	❗
7	〰️
7	💱
7	💲
7	⚕️
7	♻️
7	⚜️
7	🔱
7	📛
7	🔰
7	⭕
7	✅
7	☑️
7	✔️
7	❌
7	❎
7	➰
7	➿
7	〽️
7	✳️
7	✴️
7	❇️
7	©️
7	®️
7	™️
7	#️⃣
7	*️⃣
7	0️⃣
7	1️⃣
7	2️⃣
7	3️⃣
7	4️⃣
7	5️⃣
7	6️⃣
7	7️⃣
7	8️⃣
7	9️⃣
7	🔟
7	🔠
7	🔡
7	🔢
7	🔣
7	🔤
7	🅰️
7	🆎
7	🅱️
7	🆑
7	🆒
7	🆓
7	ℹ️
7	🆔
7	Ⓜ️
7	🆕
7	🆖
7	🅾️
7	🆗
7	🅿️
7	🆘
7	🆙
7	🆚
7	🈁
7	🈂️
7	🈷️
7	🈶
7	🈯
7	🉐
7	🈹
7	🈚
7	🈲
7	🉑
7	🈸
7	🈴
7	🈳
7	㊗️
7	㊙️
7	🈺
7	🈵
7	🔴
7	🟠
7	🟡
7	🟢
7	🔵
7	🟣
7	🟤
7	⚫
7	⚪
7	🟥
7	🟧
7	🟨
7	🟩
7	🟦
7	🟪
7	🟫
7	⬛
7	⬜
7	◼️
7	◻️
7	◾
7	◽
7	▪️
7	▫️
7	🔶
7	🔷
7	🔸
7	🔹
7	🔺
7	🔻
7	💠
7	🔘
7	🔳
7	🔲
8	🏁
8	🚩
8	🎌
8	🏴
8	🏳️
8	🏳️‍🌈
8	🏳️‍⚧️
8	🏴‍☠️
8	🇦🇨
8	🇦🇩
8	🇦🇪
8	🇦🇫
8	🇦🇬
8	🇦🇮
8	🇦🇱
8	🇦🇲
8	🇦🇴
8	🇦🇶
8	🇦🇷
8	🇦🇸
8	🇦🇹
8	🇦🇺
8	🇦🇼
8	🇦🇽
8	🇦🇿
8	🇧🇦
8	🇧🇧
8	🇧🇩
8	🇧🇪
8	🇧🇫
8	🇧🇬
8	🇧🇭
8	🇧🇮
8	🇧🇯
8	🇧🇱
8	🇧🇲
8	🇧🇳
8	🇧🇴
8	🇧🇶
8	🇧🇷
8	🇧🇸
8	🇧🇹
8	🇧🇻
8	🇧🇼
8	🇧🇾
8	🇧🇿
8	🇨🇦
8	🇨🇨
8	🇨🇩
8	🇨🇫
8	🇨🇬
8	🇨🇭
8	🇨🇮
8	🇨🇰
8	🇨🇱
8	🇨🇲
8	🇨🇳
8	🇨🇴
8	🇨🇵
8	🇨🇷
8	🇨🇺
8	🇨🇻
8	🇨🇼
8	🇨🇽
8	🇨🇾
8	🇨🇿
8	🇩🇪
8	🇩🇬
8	🇩🇯
8	🇩🇰
8	🇩🇲
8	🇩🇴
8	🇩🇿
8	🇪🇦
8	🇪🇨
8	🇪🇪
8	🇪🇬
8	🇪🇭
8	🇪🇷
8	🇪🇸
8	🇪🇹
8	🇪🇺
8	🇫🇮
8	🇫🇯
8	🇫🇰
8	🇫🇲
8	🇫🇴
8	🇫🇷
8	🇬🇦
8	🇬🇧
8	🇬🇩
8	🇬🇪
8	🇬🇫
8	🇬🇬
8	🇬🇭
8	🇬🇮
8	🇬🇱
8	🇬🇲
8	🇬🇳
8	🇬🇵
8	🇬🇶
8	🇬🇷
8	🇬🇸
8	🇬🇹
8	🇬🇺
8	🇬🇼
8	🇬🇾
8	🇭🇰
8	🇭🇲
8	🇭🇳
8	🇭🇷
8	🇭🇹
8	🇭🇺
8	🇮🇨
8	🇮🇩
8	🇮🇪
8	🇮🇱
8	🇮🇲
8	🇮🇳
8	🇮🇴
8	🇮🇶
8	🇮🇷
8	🇮🇸
8	🇮🇹
8	🇯🇪
8	🇯🇲
8	🇯🇴
8	🇯🇵
8	🇰🇪
8	🇰🇬
8	🇰🇭
8	🇰🇮
8	🇰🇲
8	🇰🇳
8	🇰🇵
8	🇰🇷
8	🇰🇼
8	🇰🇾
8	🇰🇿
8	🇱🇦
8	🇱🇧
8	🇱🇨
8	🇱🇮
8	🇱🇰
8	🇱🇷
8	🇱🇸
8	🇱🇹
8	🇱🇺
8	🇱🇻
8	🇱🇾
8	🇲🇦
8	🇲🇨
8	🇲🇩
8	🇲🇪
8	🇲🇫
8	🇲🇬
8	🇲🇭
8	🇲🇰
8	🇲🇱
8	🇲🇲
8	🇲🇳
8	🇲🇴
8	🇲🇵
8	🇲🇶
8	🇲🇷
8	🇲🇸
8	🇲🇹
8	🇲🇺
8	🇲🇻
8	🇲🇼
8	🇲🇽
8	🇲🇾
8	🇲🇿
8	🇳🇦
8	🇳🇨
8	🇳🇪
8	🇳🇫
8	🇳🇬
8	🇳🇮
8	🇳🇱
8	🇳🇴
8	🇳🇵
8	🇳🇷
8	🇳🇺
8	🇳🇿
8	🇴🇲
8	🇵🇦
8	🇵🇪
8	🇵🇫
8	🇵🇬
8	🇵🇭
8	🇵🇰
8	🇵🇱
8	🇵🇲
8	🇵🇳
8	🇵🇷
8	🇵🇸
8	🇵🇹
8	🇵🇼
8	🇵🇾
8	🇶🇦
8	🇷🇪
8	🇷🇴
8	🇷🇸
8	🇷🇺
8	🇷🇼
8	🇸🇦
8	🇸🇧
8	🇸🇨
8	🇸🇩
8	🇸🇪
8	🇸🇬
8	🇸🇭
8	🇸🇮
8	🇸🇯
8	🇸🇰
8	🇸🇱
8	🇸🇲
8	🇸🇳
8	🇸🇴
8	🇸🇷
8	🇸🇸
8	🇸🇹
8	🇸🇻
8	🇸🇽
8	🇸🇾
8	🇸🇿
8	🇹🇦
8	🇹🇨
8	🇹🇩
8	🇹🇫
8	🇹🇬
8	🇹🇭
8	🇹🇯
8	🇹🇰
8	🇹🇱
8	🇹🇲
8	🇹🇳
8	🇹🇴
8	🇹🇷
8	🇹🇹
8	🇹🇻
8	🇹🇼
8	🇹🇿
8	🇺🇦
8	🇺🇬
8	🇺🇲
8	🇺🇳
8	🇺🇸
8	🇺🇾
8	🇺🇿
8	🇻🇦
8	🇻🇨
8	🇻🇪
8	🇻🇬
8	🇻🇮
8	🇻🇳
8	🇻🇺
8	🇼🇫
8	🇼🇸
8	🇽🇰
8	🇾🇪
8	🇾🇹
8	🇿🇦
8	🇿🇲
8	🇿🇼
8	🏴󠁧󠁢󠁥󠁮󠁧󠁿
8	🏴󠁧󠁢󠁳󠁣󠁴󠁿
8	🏴󠁧󠁢󠁷󠁬󠁳󠁿
